precision_macro_fine_avg	precision_macro_fine_var	recall_macro_fine_avg	recall_macro_fine_var	f1_macro_fine_avg	f1_macro_fine_var	accuracy_fine_avg	accuracy_fine_var	avg_loss_fine_avg	avg_loss_fine_var	hamming_loss_fine_avg	hamming_loss_fine_var	precision_micro_fine_avg	precision_micro_fine_var	recall_micro_fine_avg	recall_micro_fine_var	f1_micro_fine_avg	f1_micro_fine_var	precision_class_fine_avg	precision_class_fine_var	recall_class_fine_avg	recall_class_fine_var	f1_class_fine_avg	f1_class_fine_var
0.5678977712838951	0.00025319755820952123	0.6225322676798561	0.0013147771565663133	0.5891405038611509	0.0006662188276292236	0.445	0.0015249999999999997	46.62032722473145	23.180248378686322	0.15333333333333332	0.0002732638888888889	0.6977164240290867	0.001047629780710648	0.7646604938271605	0.0003399586572168873	0.7295273884411596	0.0006595794918070792	[0.84923571 0.20608974 0.65649612 0.45815851 0.55375    0.68365654]	[0.00074476 0.0062651  0.00048631 0.00380691 0.00793108 0.00343052]	[0.95072216 0.22110423 0.71504333 0.49654116 0.59526099 0.75652174]	[0.00013061 0.01085955 0.00487983 0.00768911 0.02193551 0.00984227]	[0.89683402 0.20519472 0.68263468 0.47310168 0.55975643 0.71732148]	[0.0002459  0.0072638  0.00106127 0.00400419 0.00838171 0.00567992]
