precision_macro_coarse_avg	precision_macro_coarse_var	recall_macro_coarse_avg	recall_macro_coarse_var	f1_macro_coarse_avg	f1_macro_coarse_var	accuracy_coarse_avg	accuracy_coarse_var	avg_loss_coarse_avg	avg_loss_coarse_var	hamming_loss_coarse_avg	hamming_loss_coarse_var	precision_micro_coarse_avg	precision_micro_coarse_var	recall_micro_coarse_avg	recall_micro_coarse_var	f1_micro_coarse_avg	f1_micro_coarse_var	precision_class_coarse_avg	precision_class_coarse_var	recall_class_coarse_avg	recall_class_coarse_var	f1_class_coarse_avg	f1_class_coarse_var
0.7656803942964945	0.0002774565901908911	0.8229559186041081	0.0006246373262054308	0.7921654890863513	0.0004460346114130676	0.6000000000000001	0.0008624999999999987	18.348800368905067	2.5107766308930137	0.16208333333333333	0.00023107638888888882	0.7959843146803837	0.0005363103120600147	0.8626015018705486	0.00021749644286512738	0.8277887889028658	0.0002611915610807758	[0.85738454 0.71249177 0.72716488]	[0.00090062 0.00093045 0.00470379]	[0.94973291 0.75543478 0.76370006]	[0.00012866 0.00073842 0.00454092]	[0.90085022 0.73258596 0.74306029]	[0.00026489 0.00029152 0.00335221]
